,Sequence Name,construct,Confidence,Environment isolated from,Likely Growth Properties,Multicellularity,Randal Halfmann,GenBank,Abbr,ACCESSION,taxend,Species,taxid,Sales Order Number,Reference Number,Manufacturing ID,Product,Calculated Molecular Weight,Normalization,Quantity,fm/ng,Sequence Length,Sequence (nt),"Full Sequence (aa, not prepped as gblock)"
BDLD_27,BDLD_27_NJO29889.1,pHRdSV_BDLD_27_TIR_IRAK1_t6bd_GFP,HIGH,"marine  

https://www.mdpi.com/2223-7747/9/2/192",,TRUE,,,HC874_21920,NJO29889.1,Cyanobacteria,Richelia sp. SL_2_1,2720451,3827164,434145244,533975667,gBlocks™ Gene Fragments,175978.63,250ng in 25µl of RNase-Free Water,250 Nanograms,5.68,285,TTGGAGGCCTAGGCTACGCGTGCCACCATGAAGATCAAGATCTCTATCTGCAATAAGTTGGTGCGAGACTGGGAGGATTTAGCAGATTATTTTGACATCAAGCTGCACGAGAGAGAAACGTTCGACAAGGGAAAAGAAGCTCGGCGCGTCTGGGAGTGGCTGGAGCAGAGGACAAAATTGCACGAACTCGAAGATGCTTTCATTGCTATAGGACGGGAGGATCTTGTGGAAGAACTCAATAAGGGAGGTAGTGGCGGGTCCGAGAAGCCTTTACAGGTGGCCAGA,>NJO29889.1 MAG: 5'-methylthioadenosine/S-adenosylhomocysteine nucleosidase [Richelia sp. SL_2_1] MKKVEIIQDIMIDVATGKSKPEDEEEDYIKIWKDAALQIRELEIIGFPITNPNNFRCLSHWKAHYSCELE KYQYRRDYVNDLYSNIINPINKATTRYHSIGSSVEDFVGYLKRYLTEAQSIPSISKLREETDQMVSTKNI NASSPQRKIKELESISNSDLTELRIISPVISTGYSSQNEFYNNRTDVVILTALPKERDAILKYLESPQIV EYSGRTFHKASIETSKSETVYQAIILCLPSMGNNQAAIATQRAISEFNPSHIILVGIAGGVPKENSRYLG DIIVGEQIVDYALNKRVQAEQGHSQNQPRYQIYRPARVLLEAAKNLPLQNWAFCVKAQRPDGTTRRVNPA VHFGVIASGNTVIADQDLRDELKNDWSQLVGIEMEGAGAALAAYESDFMPGIFLVKGMCDWADGSKNDDW QQYAAETAASFVVELLRTAPFESTLELHPQSNHVSNQEALPQSNLKPQNLVNENPVKATSTVTTKNYSGK IKISICNKLVRDWEDLADYFDIKLHERETFDKGKEARRVWEWLEQRTKLHELEDAFIAIGREDLVEELNK
BDLD_73,BDLD_73_WP_143309823.1,pHRdSV_BDLD_73_TIR_IRAK1_t6bd_GFP,HIGH,"marine (surface waters in oceans)

https://doi.org/10.1007/s002270000273",,TRUE,,,FLV42_RS32380,WP_143309823.1,Nitrospinae/Tectomicrobia group,Candidatus Entotheonella palauensis,93172,3827164,434145245,533975713,gBlocks™ Gene Fragments,177848.61,250ng in 25µl of RNase-Free Water,250 Nanograms,5.62,288,TTGGAGGCCTAGGCTACGCGTGCCACCATGCAGACCAAGCTTGCTTTCTTTAGACAATTGGGTAACGACTGGCGCGACTTGGCAACAGTCCTTGGCATTGGAGATTATGATTGGCGTAGGTTTGAGAGGGGAGAGGAGGGCAGGAATATATGGGTCTGGCTTGAAAACAGACGGCGGCTAGCGGAGTTGCCACCCGCACTGATCGACATTGGGAGGAGTGACCTGGCAGAATTGCTTCGGCGGGCAGGAGGTAGTGGCGGGTCCGAGAAGCCTTTACAGGTGGCCAGA,>WP_143309823.1 hypothetical protein [Candidatus Entotheonella palauensis] MQDAHIALVLVSQSFLDSKYCKDVEIQGFLANKSYLFPIILSPCEWQRHEWLHSRQFLPGGDETIEEHYT DLGQRKRLFLKIRQQLRERAEQLRQAPPSNAVPAYSGQTKLAFFRQLGNDWRDLATVLGIGDYDWRRFER GEEGRNIWVWLENRRRLAELPPALIDIGRSDLAELLRRAQ
BDLD_13,BDLD_13_A0A836SDX0_9GAMM,pHRdSV_BDLD_13_TIR_IRAK1_t6bd_GFP,HIGH,"aquatic, isolated from sinkhole   

https://img.jgi.doe.gov/cgi-bin/m/main.cgi?section=TaxonDetail&page=taxonDetail&taxon_oid=2616645013",,TRUE,,,EYP59_02785,A0A836SDX0_9GAMM,Gammaproteobacteria,Thiotrichaceae bacterium,2030882,3827164,434145246,533975645,gBlocks™ Gene Fragments,177832.81,250ng in 25µl of RNase-Free Water,250 Nanograms,5.62,288,TTGGAGGCCTAGGCTACGCGTGCCACCATGAAGATTAAGATTCGTTTTTGTAGGCGCCTGGGGTCCGATTGGCAAGAATTGGCCGATTATCTGGAAATCAAAGCCTACAGGCGTTCGCAGTTCCAGCAAGGAAGAGAGTGTCAGGCAATTTGGGAGTGGTTAGAAGAGCGTAAGAAATGGCACATATTAAAAGAAGCCCTGGGCGACTTGGAGCGACAAGATCTGGTTGACCTGTTAAATACCAACGGAGGTAGTGGCGGGTCCGAGAAGCCTTTACAGGTGGCCAGA,>tr|A0A836SDX0|A0A836SDX0_9GAMM Serine protease OS=Thiotrichaceae bacterium OX=2030882 GN=EYP59_02785 PE=4 SV=1 MRDDALKKRIHNEIANATVKILVEDEFQGSGIFITPDGYILTAYHCIGKYSSKITIETRF GEQFNAELDDAKSLKHLDYDIAVLKIYEQAAHCLPLGTISTQNVTDEIVAMGYPAGDNPK HNKIGFFFSQISQIRADNKIQIPDAIKGRGQSGGPVYHYATKRLIGLATEGYKPDVIMDT GLATRFDALFEKWPELEIINDKVAQAWEKRLLEFGYGGSHSLSRHENTDVTPTDKETSLV VSGKIKIRFCRRLGSDWQELADYLEIKAYRRSQFQQGRECQAIWEWLEERKKWHILKEAL GDLERQDLVDLLNTNNK
BDLD_24,BDLD_24_NJL79331.1,pHRdSV_BDLD_24_TIR_IRAK1_t6bd_GFP,HIGH,"marine

https://www.mdpi.com/2223-7747/9/2/192",,TRUE,,,HC917_11650,NJL79331.1,Cyanobacteria,Richelia sp. SM2_1_7,2720465,3827164,434145247,533975676,gBlocks™ Gene Fragments,175985.53,250ng in 25µl of RNase-Free Water,250 Nanograms,5.68,285,TTGGAGGCCTAGGCTACGCGTGCCACCATGAAGATCAAGATTAGCATCTGCAATAAACTGGTCCGCGATTGGGAGGACCTAGCCGACTATTTTGATATAAAGTTACACGAGAGAGAAACCTTCGACAAGGGCAAAGAGGCTCGGCGTGTGTGGGAGTGGCTGGAACAGCGCACAAAGCTGCACGAATTGGAGGACGCTTTCATCGCTATTGGCCGGGAAGATCTAGTGGAAGAGCTGAACAAGGGAGGTAGTGGCGGGTCCGAGAAGCCTTTACAGGTGGCCAGA,>NJL79331.1 MAG: 5'-methylthioadenosine/S-adenosylhomocysteine nucleosidase [Richelia sp. SM2_1_7] MISTGYSSQNEFYNNRTDVVILTALPKERDAILKYLESPQIVEYSGRTFHKASIETSKSETVYQAIILCL PSMGNNQAAIATQRAISEFNPSHIILVGIAGGVPKENSRYLGDIIVGEQIVDYALNKRVQAEQGHSQNQP RYQIYRPARVLLEAAKNLPLQNWAFCVKAQRPDGTTRRVNPAVHFGVIASGNTVIADQDLRDELKNDWSQ LVGIEMEGAGAALAAYESDFMPGIFLVKGMCDWADGSKNDDWQQYAAETAASFVVELLRTAPFESTLELH PQSNHVSNQEALPQSNLKPQNLVNENPVKATSTVTTKNYSGKIKISICNKLVRDWEDLADYFDIKLHERE TFDKGKEARRVWEWLEQRTKLHELEDAFIAIGREDLVEELNK
BDLD_58,BDLD_58_WP_086834185.1,pHRdSV_BDLD_58_TIR_IRAK1_t6bd_GFP,HIGH,"terrestrial, plant root

https://img.jgi.doe.gov/cgi-bin/m/main.cgi?section=TaxonDetail&page=taxonDetail&taxon_oid=2848694841",mesophile (maybe psychrotroph),TRUE,,,BV378_RS11765,WP_086834185.1,Cyanobacteria,Nostoc sp. RF31YmG,1932668,3827164,434145248,533975696,gBlocks™ Gene Fragments,177840.71,250ng in 25µl of RNase-Free Water,250 Nanograms,5.62,288,TTGGAGGCCTAGGCTACGCGTGCCACCATGCAGACTAAAATATTTATATGTAGAAGGTTGACCCAGGACTGGCAAGATCTCGCCGATTACTTCGAAATTCAGCCCCATGAGAGAGCAGGTTTCAAGCCAGGGAGAGAACCCCACTCGATCTGGGAGTGGTTAGAGCAGCGGAACAGGCTCGGCGAACTTGAATCGGCTCTGATAGAAATCGGTCGAGAGGACCTCGCCCAGGAACTGAAGAAAAACGGAGGTAGTGGCGGGTCCGAGAAGCCTTTACAGGTGGCCAGA,>WP_086834185.1 CHAT domain-containing protein [Nostoc sp. RF31YmG] MEQTLSTTVEQTPSQPNFDQPPIAPSQKDQNQSRDFSMKPTKILILAANPKQTVRLRLDEELRDIKEGLQ RSLNRENFDLRYDLAVRPRDIRRAILDYRPNIIHFSGHGFGVKGLSFEDETGKEQLVTGEALAGLFGQFS NQVECVLLNACYSQVQANAIVQHINYVIGMNDAIGDKAAIEFVVAFYDALAAYNREYDSGSPVEFAFNIA RNAIELAGVSGESIPELKKNPNIIDKTPNLPVVKPPANRQIPGQTKIFICRRLTQDWQDLADYFEIQPHE RAGFKPGREPHSIWEWLEQRNRLGELESALIEIGREDLAQELKKN
BDLD_6,BDLD_6_A0A1Z4FQN5_9CYAN,pHRdSV_BDLD_6_TIR_IRAK1_t6bd_GFP,HIGH,"likely freshwater

https://www.ncbi.nlm.nih.gov/pmc/articles/PMC7541481/",,TRUE,,,NIES2098_06580,A0A1Z4FQN5_9CYAN,Cyanobacteria,Calothrix sp. NIES-2098,1954171,3827164,434145249,533975642,gBlocks™ Gene Fragments,177851.57,250ng in 25µl of RNase-Free Water,250 Nanograms,5.62,288,TTGGAGGCCTAGGCTACGCGTGCCACCATGCAGACTAAGATTTTCATCTGTCGGCGCCTTACCCAGGACTGGCAAGACCTAGCCGACTACTTTGAAATCCAGCCACATGAACGCGCAGGCTTTAAGCCTGGACGTGAGCCCCACTCCATCTGGGAATGGCTGGAGCAGCGCAATCGCCTGGGGGAGCTGGAATCGGCCCTCATTGAGATCGGTCGGGAGGATTTGGCACAGGAACTGAAGAAAAAGGGAGGTAGTGGCGGGTCCGAGAAGCCTTTACAGGTGGCCAGA,>tr|A0A1Z4FQN5|A0A1Z4FQN5_9CYAN CHAT domain-containing protein OS=Calothrix sp. NIES-2098 OX=1954171 GN=NIES2098_06580 PE=4 SV=1 MNINQKQRLERQRDSLQDEWNLRNEKLTQLRRALIIEAGAAVKFQLEQQIQAEETELKRL EQELDNIEQTLSTTVEQTSSQPNFAQPPIAPSQEDQNQSRDLSMKPKKILILAANPKQTV RLRLDEELRDIKEGLQRSLNRDNFDLRYDLAVRPRDIRRAILDYRPNIIHFSGHGVGVKG LSFEDETGKEQLVTGEALAGLFGQFSNQVECVLLNACYSEVQANAIVQHINYVIGMNDAI DDKAAIEFVVAFYDALAAYNREYDSGSPVEFAFNIARNAIELAGVSGESIPELKKKPNII DKTPNLPVVEPPTNKQIPGQTKIFICRRLTQDWQDLADYFEIQPHERAGFKPGREPHSIW EWLEQRNRLGELESALIEIGREDLAQELKKK
BDLD_16,BDLD_16_A0A6P0V0N3_9CYAN,pHRdSV_BDLD_16_TIR_IRAK1_t6bd_GFP,HIGH,"marine

https://doi.org/10.1016/B978-008045382-8.00041-1",,TRUE,,,F6J96_11435,A0A6P0V0N3_9CYAN,Cyanobacteria,Symploca sp. SIO1C2,2607769,3827164,434145250,533975712,gBlocks™ Gene Fragments,175978.63,250ng in 25µl of RNase-Free Water,250 Nanograms,5.68,285,TTGGAGGCCTAGGCTACGCGTGCCACCATGAAAACCAAAATCATGCTATGTCGAAGACTCAGCAAGGACTGGAAGGATCTAGCAGACTATTTCGACATTCCCGAATATAAAAGAGCCAGATTCTCCCAGGGGTACGAGTGTCAAGAAATTTGGGAATGGTTACAGGACAGAAACCAGCTCCACCGACTGCGCAAGGCACTCAAGTTTATCGATCGAGAGGACTTGATTGAGCTTCTGGGAGACGGAGGTAGTGGCGGGTCCGAGAAGCCTTTACAGGTGGCCAGA,>tr|A0A6P0V0N3|A0A6P0V0N3_9CYAN 5'-methylthioadenosine/S-adenosylhomocysteine nucleosidase OS=Symploca sp. SIO1C2 OX=2607769 GN=F6J96_11435 PE=4 SV=1 MHQDDSVDVVIVTALEKERDAVLRYLNSPQRVETKNRVVYKSYLKHENSESGYQVGVLCL GGMGNVLASSAVTQAINDWNPAVIILTGIAGGVQGSERVLGDLIVAEQIVGYELGKLTDV GTESRFEALRSTHLLIKKARNFPDQKWAYDQRIISRPDGTSRPIPKVHFGVVVFGEKVIA DTITIPELQHAWTQLIGVEMESFGTALAVYQSDSVPAMIMVKGICDWADLNKSYEWQEYA ADVAAAYVVNFLRSNPIRCRESNRVQPRVAPNFSGKTKIMLCRRLSKDWKDLADYFDIPE YKRARFSQGYECQEIWEWLQDRNQLHRLRKALKFIDREDLIELLGD
BDLD_22,BDLD_22_A0A6M0G9Y0_9CYAN,pHRdSV_BDLD_22_TIR_IRAK1_t6bd_GFP,HIGH,"marine

https://doi.org/10.1016/B978-008045382-8.00041-1",,TRUE,TRUE,NET60851.1,F6K47_33365,A0A6M0G9Y0_9CYAN,Cyanobacteria,Symploca sp. SIO2E6,2607809,3827164,434145251,533975688,gBlocks™ Gene Fragments,179687,250ng in 25µl of RNase-Free Water,250 Nanograms,5.57,291,TTGGAGGCCTAGGCTACGCGTGCCACCATGAAGACAAAAATCATGCTTTGTAGACGTCTAAACAAAGACTGGAAGGATCTGGCCGACTACTTTGACATCCCTGAGTATAAAAGGGCTCGTTTTAGTCAGGGATACGAGTGTCAGGCAATATGGGAGTGGCTTCAGGAACGAAATCAGTTATACCGCCTTCGCGATGCCCTTGAGTTCATCGACAGGGAAGATCTTGCTCGTTGGCTAGAGGAGCAGTTCGGAGGTAGTGGCGGGTCCGAGAAGCCTTTACAGGTGGCCAGA,>tr|A0A6M0G9Y0|A0A6M0G9Y0_9CYAN 5'-methylthioadenosine/S-adenosylhomocysteine nucleosidase OS=Symploca sp. SIO2E6 OX=2607809 GN=F6K47_33365 PE=4 SV=1 MKAKEYYQRLKDMHQGDSVDVVIVTALDKERDAVLRYLDSPQRVETKNRVVYKSYLQSEN SDSGYQVLVFCLGGMGNNLASSVVTQAIDVWNPTVIILTGIMGGVKGSDRLLGDLIVAEQ IVGYELGKLKDVGTERRFEALRADHLLIEKARHFPHHKWALDQKMISRPDGTSRRVIPQV HFGVVASGEKVIADTITIPELQSSWVKLIGIEMESFGTALAVYQADSAPAMLMVKGICDW ADPNKNDEWQEYAAATSAAYVVNFLRSNPIGCRENNRVQPRVTPNFSGKTKIMLCRRLNK DWKDLADYFDIPEYKRARFSQGYECQAIWEWLQERNQLYRLRDALEFIDREDLARWLEEQ F
BDLD_50,BDLD_50_WP_063628695.1,pHRdSV_BDLD_50_TIR_IRAK1_t6bd_GFP,MEDIUM HIGH,"terrestrial  

https://img.jgi.doe.gov/cgi-bin/m/main.cgi?section=TaxonDetail&page=taxonDetail&taxon_oid=2758568003

10.3390/life11040356",mesophile (maybe psychrotroph),TRUE,,,TOL9009_RS39910,WP_063628695.1,Cyanobacteria,[Scytonema hofmanni] UTEX 2349,1469607,3827164,434145252,533975670,gBlocks™ Gene Fragments,177844.66,250ng in 25µl of RNase-Free Water,250 Nanograms,5.62,288,TTGGAGGCCTAGGCTACGCGTGCCACCATGAAGGCCAAGAATTACATCTGTCAAAGGTTGGTGGATGACTGGGAACAACTCGCGGACCACTTCGACATCCCTAAGCACCAAAAGAACTCCTTTGAACGAGGTAAAGAACCCAATCGGGTGTGGGAGTGGCTGGAGCAGCGCTCGCGGCTCGGTGAGTTGGAGGTTGCACTGTCTGACATTGGCAGGGATGACCTGGTCGAGGAGCTTAAAAAGAATGGAGGTAGTGGCGGGTCCGAGAAGCCTTTACAGGTGGCCAGA,>WP_063628695.1 MULTISPECIES: CHAT domain-containing protein [Nostocales] MSNNPTVKKILILAANPKNTVRLRLDQEVHDIKKGLQSAKERDNFILQQEGAVRPQDIRLAVLDFRPNII HFSGHGSETEGLSFEDEVGKEKFVTAEALAEFFKLFAKDVECVLLNACYSEVQAKAIAQHIDYVIGMNEA IADKAALEFAVGFYDALARYNPQSDGDSSIEFAFNVARSSILLAGVSGASIPVLIKNPNLKPKDTTILKR MNPTIIRYSGKAKNYICQRLVDDWEQLADHFDIPKHQKNSFERGKEPNRVWEWLEQRSRLGELEVALSDI GRDDLVEELKKN
BDLD_2,BDLD_2_A0A142XB67_9BACT,pHRdSV_BDLD_2_TIR_IRAK1_t6bd_GFP,MEDIUM HIGH,"sugar beet rhizosphere

https://doi.org/10.1002/9781118960608.gbm00783
https://biocyc.org/GCF_001610855/organism-summary

https://doi.org/10.1007/s10482-018-1102-0",mesophile (maybe psychrotroph),FALSE,,,VT84_06335,A0A142XB67_9BACT,Planctomycetes,Gemmata sp. SH-PL17,1630693,3827164,434145253,533975701,gBlocks™ Gene Fragments,177847.62,250ng in 25µl of RNase-Free Water,250 Nanograms,5.62,288,TTGGAGGCCTAGGCTACGCGTGCCACCATGAAGGCCAAGCTGACTTTATATGCCGGACTGGTCACCAGGTGGAGCGCCCTGGCAACATACCTTGATATTAGCCTGGAGGATAGAGCCAAGTTTCTACAGGGCCATGAACCAAGGCAGATTTTTGAATGGTTGGAGGAGAGGAACCGTCTGGGCGAGCTTCGGGGGGCCTTCAAGGACTTAGGGTGGCCCGACCTCATCGAGGAATTAGACAGACATGGAGGTAGTGGCGGGTCCGAGAAGCCTTTACAGGTGGCCAGA,>tr|A0A142XB67|A0A142XB67_9BACT 5'-methylthioadenosine/S-adenosylhomocysteine nucleosidase OS=Gemmata sp. SH-PL17 OX=1630693 GN=VT84_06335 PE=4 SV=1 MLAASDIRGSVTFGILTVRSDEYTAVLEHFPNRETVKGRVFYEYSQQEAADGKRVGIAVA RSLEQGPGAAHDLTRDLIEDLDPDWILVVGIAGGLPEDDYSLGDVLLASRIYDFSVSAEI LDGEQHQREWSLGGGAVHPDVAAVLGAIPGWESKLKGWNKQTTVGMKKPVCEIPHDASSD RLYGPVDWRSKVQKSLARHFPESRKPRLPNYAVIPVGGGGILVKDPALITEWKQSARALG FVEMEAGGVYRAARRTEREYPVLVVRGLSDIVGFKRAGEWTSYACKTAASFAGAFVRSGI VTPKPLKYTQAQAKSPTVAAGKNDRAEQQGDNRAEHVVFIEFLLRGPIEEFNESNFRQAL QTTTGLDVSSARIASIQKRSTLVRLEGDPEVLARIVAQFKASQDALHAFATTTGLTLIRW HVGSQQYELTVQSEGNSPHEAKQVTPQLLSSPSSDQKAHGLPPASGRTATFAKGRALVIG VANYPHVNKLPGSVLDDARDVADLLRSSDFCGYPPANVEVLLDAQATLNGIRESLTRLTQ TSAPDETVVVYFSGHGGRIPSGEFLIPFDCNPRNIANTALSGAELTTFLSTIKAERLAIL LDACHSSGTAELKSLDPAEGVKAGLSDAAYNLLAQGKGRVMMASCRADETSVVLGGMRNS LFTHHLLDALRGKASTENVVRVFDVFNYVSDKVPAQEKKQHPVFKAHNLETNFPLSLRAG GKALGGPEAPVPPAPRLIKLSGKAKLTLYAGLVTRWSALATYLDISLEDRAKFLQGHEPR QIFEWLEERNRLGELRGAFKDLGWPDLIEELDRHPQ
BDLD_10,BDLD_10_W4MCI4_9BACT,pHRdSV_BDLD_10_TIR_IRAK1_t6bd_GFP,MEDIUM HIGH,"marine

10.1073/pnas.1616234114
https://oceanrep.geomar.de/id/eprint/28924/1/nature12959.pdf",,TRUE,TRUE,ETX07918.1,ETSY2_08400,W4MCI4_9BACT,Nitrospinae/Tectomicrobia group,Candidatus Entotheonella gemina,1429439,3827164,434145254,533975693,gBlocks™ Gene Fragments,227893.94,250ng in 25µl of RNase-Free Water,250 Nanograms,4.39,369,TTGGAGGCCTAGGCTACGCGTGCCACCATGGAACTTGCATCATTCTGCATGGGTAAATTCCCGGTGACAAACGCTGAATGGGCTCTTTTTATGCAGGCTGGGGGCTACGAGGACGAGAGGTGGTGGGTAACAGAGGCAGATAGAGCATGGCAGCGCGGTGAGTCTACAGCCGAAGGTCCAAAGCGGCAATGGCGCGAGTTCAGAAACAGCGTTAAAGCTGATTTTGACGGGTTCAGACAACGCTCCAACCTGACTTCAGTGGATATTGAAAACGGCGAACGCATTATCGACATGTCTGAGGAAGAGTTTGAAGCTGTGCTGGAAGGAGGAGGTAGTGGCGGGTCCGAGAAGCCTTTACAGGTGGCCAGA,>tr|W4MCI4|W4MCI4_9BACT NACHT domain-containing protein OS=Candidatus Entotheonella gemina OX=1429439 GN=ETSY2_08400 PE=4 SV=1 MKLEFSHRLGDSWRELADVIPIPNHEQRRFERGFEPRAIWDWLEDWQRLSELPEHLRSIG RIDLADLWAEAQRESSDQFYRDCITRWSDARYELDKRFVQLTLLLDQGEAAQGPRWQVHE RFGALADVLEHVPEQAVVLLGPPGSGKSTLLRHYAMDRARDVLDYGDAGSRTDAPICFWL SLNDYKAPLPGDPLPSPHAWLETRWAAANPMLPPLTTLLREQRLTLLLDALNEIPHAGDE PVRLWKDFLQQLDRDYSGNRVIFSCRSLDYSASLSSKELPVPQVRIEALSDAQVQQFVEL YCPAHASTLWANLAGSPQLELLRTPYYLKLLVEQTVAGEIPVGRAALFTGFVRQALKREV DSGHALFQAGDLLTARDLTRLTHGTWRTACELPGRGILFGKLSALAYEMQHRHGANEASQ IRIDLDDALDILDHELAIDMIKAGVALGVLDEDLGREELLFVHQLLQEYFAAHRLAAALE PALLQVQWQADRVSPSLQETLASLADADPLPPLPATGWEETAVLAAAIVEAPETFVADLM AMNLPLAGRCAAQPDVEVSDALAYQLRWSLVERSQDADADLRARIAAAVALGELGDPRFE RRTGPEGDYLLPPLIEVPAGMYTMGSDEGHYDDEGPVHRVELASFCMGKFPVTNAEWALF MQAGGYEDERWWVTEADRAWQRGESTAEGPKRQWREFRNSVKADFDGFRQRSNLTSVDIE NGERIIDMSEEEFEAVLEGLYPPGQQTQPAYWNDDAYNHPAQPVVGICWYEARAYCAWLS AQTGHDFRLPTEAGWEVAARGLEGRRYAYGNDHDPAHCNTFDTHIRRTTPIGVFPGGETP KPACIADMTGNVWDWTSSLYQPYPYDPADGREAPSADESSGRVVRGGAWRDFPLDARASC RSGYGPAVRRGFRVWCSSPIRS
BDLD_80,BDLD_80_A0A6I3KZK0_9NOCA,pHRdSV_BDLD_80_TIR_IRAK1_t6bd_GFP,MEDIUM HIGH,"terrestrial (Paddy field/soil)

https://img.jgi.doe.gov/cgi-bin/m/main.cgi?section=TaxonDetail&page=taxonDetail&taxon_oid=2921543579",mesophile (maybe psychrotroph),TRUE,,,GLP40_RS12950,A0A6I3KZK0_9NOCA,Actinobacteria,Nocardia sp. CT2-14,2675850,3827164,434145255,533975716,gBlocks™ Gene Fragments,175995.4,250ng in 25µl of RNase-Free Water,250 Nanograms,5.68,285,TTGGAGGCCTAGGCTACGCGTGCCACCATGAGAGCTAGACTGGAGTTCCAGTGTCGTCTTGGCGCCTCATGGGAAGATCTTGCAGTTCTGTTAGGCATCAAGCCATACGTAAGCGATGGATTTGCTCAGGGTCGAGAAGCTTCAGGGATCTGGCGTTGGTTAGAAGAGCGCCAGCGCCTGGCAGAACTGCCAGACGCACTGATACACATCGACAGGACGGATCTGGCTGCTCTCTTCGCTGAAGGAGGTAGTGGCGGGTCCGAGAAGCCTTTACAGGTGGCCAGA,>tr|A0A6I3KZK0|A0A6I3KZK0_9NOCA NB-ARC domain-containing protein OS=Nocardia aurantiaca OX=2675850 GN=GLP40_12940 PE=4 SV=1 MTNLARARLEFQCRLGASWEDLAVLLGIKPYVSDGFAQGREASGIWRWLEERQRLAELPD ALIHIDRTDLAALFAEMNLAAATDSMESSVSVTAFDLDPDLDHPVVEPRSSVPAALLSDQ IVVGEIPGAPMAFVERETLDQLARALDRNRVAVVVCTLTGMRGVGKTQLAAAYARSRIAD GCGVVGWVNAETSSELIAGLTRIAERLNVADPQGDSAESARRLTEHLATRRGDAVIVFDN ATDPDALNQYVPASGARVIITSTNRSFTELGTPIDVGTYTRQESLGYLAERTGRDEDPGA STIAEELGDLPLALASAAATIKARRLDYDAYCTLLRDQPVVETMRRRKGDSYPGSTAGAL LLNVETVAAGDATGLCATLIGIIALLSPEGVPRELLHGVATARQVTTEAIESALEQCVDG SVLTWSFSGDAVIMHRLMARVLWEKYRADGDFVAIATEVLDLIEPRMFDSSQAWDRRHEG SWLISHAEALWEALQEEGLT
BDLD_46,BDLD_46_WP_044290893.1,pHRdSV_BDLD_46_TIR_IRAK1_t6bd_GFP,MEDIUM,"aquatic, marine

https://img.jgi.doe.gov/cgi-bin/m/main.cgi?section=TaxonDetail&page=taxonDetail&taxon_oid=2510065008",,TRUE,,,RIV7116_RS11765,WP_044290893.1,Cyanobacteria,Rivularia sp. PCC 7116,373994,3827164,434145256,533975665,gBlocks™ Gene Fragments,177850.58,250ng in 25µl of RNase-Free Water,250 Nanograms,5.62,288,TTGGAGGCCTAGGCTACGCGTGCCACCATGCGCGTTAAAACTATCATCTGTAAGCGGTTGACCAATGACTGGCAGGATCTGGCAGACTATTTTGACATCCAACTGCATGAGAGGGAGGGCTTTCGGAGTGGCCGTCAGGCTCATGGGGTCTGGGAGTGGTTGGAGCAGCGCGACCGGATCGGGGAACTGGAATCCGCCCTGAATGATATTGGGCGGGACGACCTAGTGGAGGAGCTTAAGAAGAAGGGAGGTAGTGGCGGGTCCGAGAAGCCTTTACAGGTGGCCAGA,>WP_044290893.1 NB-ARC domain-containing protein [Rivularia sp. PCC 7116] MNNNTIKYSGRVKTIICKRLTNDWQDLADYFDIQLHEREGFRSGRQAHGVWEWLEQRDRIGELESALNDI GRDDLVEELKKKLVDGESTSLCLAKLFNVPKLPDNFLPRDEQLQPLKQKVLSHTNQPVGITSTTRRVGLQ GMGGIGKTVLATALARDEDIRKKFFDGIFWITLGQRPKLLDWQLYLSETLGDNQATFTEISFGKAKLKQL FADKSCLLILDDIWNLNHATTFDVLGEKCQMLVTTRDASIITSFGAVRHELAVLSQEQSLTLLADWAGYK DNTLLPPEANQVVEECGNLPLALSMVGAMLRGKPNLWGNVLQKLLPC
BDLD_57,BDLD_57_WP_086756477,pHRdSV_BDLD_57_TIR_IRAK1_t6bd_GFP,MEDIUM,"terrestrial, coralloid roots

https://img.jgi.doe.gov/cgi-bin/m/main.cgi?section=TaxonDetail&page=taxonDetail&taxon_oid=2831426010",mesophile (maybe psychrotroph),TRUE,,,BV375_RS01380,WP_086756477,Cyanobacteria,Nostoc sp. 106C,1932667,3827164,434145257,533975710,gBlocks™ Gene Fragments,177843.67,250ng in 25µl of RNase-Free Water,250 Nanograms,5.62,288,TTGGAGGCCTAGGCTACGCGTGCCACCATGCAGACTAAGATTTTCATATGTAGGCGGTTAACTCAGGATTGGCAGGACCTGGCTGACTATTTCGAAATACAGCCCCACGAACGTGCGGGGTTTAAACCTGGCCGGGAACCACATAGCATCTGGGAGTGGCTGGAACAGAGGAATCGACTTGGTGAGCTTGAATCTGCTCTGATAGAGATCGGAAGGGAGGACCTGGCGCAGGAGCTGAAGAAGAACGGAGGTAGTGGCGGGTCCGAGAAGCCTTTACAGGTGGCCAGA,>WP_086756477.1 CHAT domain-containing protein [Nostoc sp. 106C] MTPSQKDQNQSCDFSMKPKKILILAANPKQTVRLRLDEELRDIKEGLQRSLNRDNFDLRYDLAVRPRDIR RAILDYRPNIIHFSGHGFGGKGLSFEDETGFEQLVTGEALAGLFGQFSNQVECVLLNACYSQVQANAIVQ HINYVIGMNDAIGDKAAIEFVVAFYDALAAYNREYDSGSPVEFAFNIARNAIELAGVSGESIPELKKNPN IIDKTPNLPVVELPANKQIPGQTKIFICRRLTQDWQDLADYFEIQPHERAGFKPGREPHSIWEWLEQRNR LGELESALIEIGREDLAQELKKN
BDLD_62,BDLD_62_A0A1C5AWF9_9ACTN,pHRdSV_BDLD_62_TIR_IRAK1_t6bd_GFP,MEDIUM,"terrestrial, woodland soil

https://img.jgi.doe.gov/cgi-bin/m/main.cgi?section=TaxonDetail&page=taxonDetail&taxon_oid=2622736591",mesophile (maybe psychrotroph),TRUE,,,GA0070216_RS32615,A0A1C5AWF9_9ACTN,Actinobacteria,Micromonospora matsumotoense,121616,3827164,434145258,533975697,gBlocks™ Gene Fragments,177854.53,250ng in 25µl of RNase-Free Water,250 Nanograms,5.62,288,TTGGAGGCCTAGGCTACGCGTGCCACCATGAGCGTGAAGAAAGAAGTCTTGCGCCCCTTGACTTACGACTGGCAGGATCTTGCAGACTACCTCGGCATCCCGTCTCACCATGTGAGGAGGTTCCGCGCCGGCGACGAAGCTTACGAAGTTTGGGGATGGCTGGAGAGCCGAGATCGGCTGGGAGAATTACCGGACGCCCTTGAATCTATCGGCAGAGGAGATCTCGCTGACCTTCTGCGAAGACATGGAGGTAGTGGCGGGTCCGAGAAGCCTTTACAGGTGGCCAGA,>tr|A0A1C5AWF9|A0A1C5AWF9_9ACTN Phosphorylase superfamily protein OS=Micromonospora matsumotoense OX=121616 GN=GA0070216_13519 PE=4 SV=1 MHNNGIFVGRDMSVSQGHVTNVGEPGAQRQRRHGVDVLVITALAEEYDAVKQVLGSFPWE DHGTGGLEPFATTNTGGLSVALARPTAMGGRSTAPIATALTERLRPACLAMSGVCAGEPG ATAPGDVVVASPAYQWDEGKYVGDSFRPDYHQMPMDGRWLRAVQNFDPSGLPSHGTATDE EAKVWYLERLLKGQNPRKHPARRRYFSRSAWEARLARWESEGLIAWRDSALALTEKGRTL IERALYIDVDGPERLPFVVVAGPMASGSAVMADPETWNRLEVNQRKIQALDMEAATIATI AHDRQVPHWLVAKGVMDHANLDKDDRFKEFAAQASAEVLFALLEELLKPAAASASAARPV GAVPGSVKKEVLRPLTYDWQDLADYLGIPSHHVRRFRAGDEAYEVWGWLESRDRLGELPD ALESIGRGDLADLLRRHL
BDLD_74,BDLD_74_WP_144082196.1,pHRdSV_BDLD_74_TIR_IRAK1_t6bd_GFP,MEDIUM,"aquatic, marine

https://img.jgi.doe.gov/cgi-bin/m/main.cgi?section=TaxonDetail&page=taxonDetail&taxon_oid=2739367861",,TRUE,,,CLT72_RS05190,WP_144082196.1,Actinobacteria,Micromonospora sp. CNZ309,2035247,3827164,434145259,533975691,gBlocks™ Gene Fragments,179710.69,250ng in 25µl of RNase-Free Water,250 Nanograms,5.56,291,TTGGAGGCCTAGGCTACGCGTGCCACCATGTGGGCGAAGGTCAAATTCTGCCAGAGGATGCAACCTGACAATTGGCGTGACCTTGCCGACTTATTCGATGTGAGCCCCGCCGATCGCGCCCGATTTACGCGAGGGGATGAAGCCAGAAGTCTTTGGGAACTCGTCGAAGCAAGAGGTCAACTGGATCGGCTCCCTGACTTGCTTGACGAGCTGGGTCGCGCCGAGCTGTCTCTGCTCCTGAGGCAGAGTGGAGGTAGTGGCGGGTCCGAGAAGCCTTTACAGGTGGCCAGA,>WP_144082196.1 hypothetical protein [Micromonospora sp. CNZ309] MSGQGRPAGGSSFPGWAKVKFCQRMQPDNWRDLADLFDVSPADRARFTRGDEARSLWELVEARGQLDRLP DLLDELGRAELSLLLRQSREAAEQPTLALPPVPQQDLNTLFFDLEEIRQLLMEDAEQLRQRRRSTRDAQA SLAPFVLTHRDSTVADRICEWLPHCYYGIACKPKITLGPLVTSVDAQVARMARFRAELEHSDVACHVYGV DAPTKTITTFFERLASALDGARRCLVVIVTAAPGVRLPDTLPRLPEPGFRRSHVTLWAQRIVAERGWQPG LATAWAGLVSEYAVDVGEMLHIGRAYEALEQSINDLLTDEAGFRRDLEKRMSLG
BDLD_38,BDLD_38_SPT51846.1,pHRdSV_BDLD_38_TIR_IRAK1_t6bd_GFP,MEDIUM,"mycetoma pedis tissue, mammalian host

https://img.jgi.doe.gov/cgi-bin/m/main.cgi?section=TaxonDetail&page=taxonDetail&taxon_oid=2634166331

https://img.jgi.doe.gov/cgi-bin/m/main.cgi?section=TaxonDetail&page=taxonDetail&taxon_oid=2576861049",mesophile,TRUE,,,NCTC11373_02572,SPT51846.1,Actinobacteria,Actinomadura madurae,1993,3827164,434145260,533975686,gBlocks™ Gene Fragments,177849.59,250ng in 25µl of RNase-Free Water,250 Nanograms,5.62,288,TTGGAGGCCTAGGCTACGCGTGCCACCATGGCAACACGCGCAGCTTTCAGACAACGACTGGGCCCTTCCTGGAGAGATTTGGCCGATTTCCTGGATATTCCCAGTTATGAGTCAGCTCAGTTTCTCTCCGGGGATGAACCACGGGCCATCTGGGACTGGCTGAAGAATCGGGACGCTCTGTGGCGTCTACCAAAAGCTCTCCAGGCTATAGGTCGCAGCGATCTAGCATCTTTACTGGATTCGGAGGGAGGTAGTGGCGGGTCCGAGAAGCCTTTACAGGTGGCCAGA,>SPT51846.1 Uncharacterised protein [Actinomadura madurae] MKLPARGRLQSSVCRSATLTVELDGVTVGFLDGAIMIYSPATRAAFRQRLGPSWRDLADFLDIPSYESAQ FLSGDEPRAIWDWLKNRDALWRLPKALQAIGRSDLASLLDSEQSADKLERPAAQDNDSPPVSQPGNTAIS TSGEAGGAEPQFPTKEIGDEEPKANDHQSATDIADDDLRTLIALLKKSPRRPEGDFPPAGKEIIDLLRRS VRLIAPLYNIYPVSYGAFTARQIDNPVVLATVLDRVAPDRAASILERLPPQVATEVLVEMNYSNMVATLH HIPRFFRQAILEFLESRVGGT
BDLD_23,BDLD_23_A0A6M0GAA9_9CYAN,pHRdSV_BDLD_23_TIR_IRAK1_t6bd_GFP,MEDIUM,"marine

https://doi.org/10.1016/B978-008045382-8.00041-1",,TRUE,TRUE,NET60852.1,F6K47_33370,A0A6M0GAA9_9CYAN,Cyanobacteria,Symploca sp. SIO2E6,2607809,3827164,434145261,533975661,gBlocks™ Gene Fragments,175998.36,250ng in 25µl of RNase-Free Water,250 Nanograms,5.68,285,TTGGAGGCCTAGGCTACGCGTGCCACCATGCCCACCAAGCTTAAGTTCTGCCACCGGCTGGGGGATGACTGGCGCGATTTGGCCATCTTCTTCGATATCCGGTCCAGCACTCGGAACCGTTGGGACAAGGGCACAGAGAGTCAGGAGCTTTGGGAACTTCTGGAACGACAGGGCCGATTACATAAGCTACCGGCAGCCCTGCTGGAGATAGGAAGGGAGGATCTGTTCGATATGACCAAAGGTGGAGGTAGTGGCGGGTCCGAGAAGCCTTTACAGGTGGCCAGA,>tr|A0A6M0GAA9|A0A6M0GAA9_9CYAN Formylglycine-generating enzyme family protein OS=Symploca sp. SIO2E6 OX=2607809 GN=F6K47_33370 PE=4 SV=1 MDKDKVGPTKLKFCHRLGDDWRDLAIFFDIRSSTRNRWDKGTESQELWELLERQGRLHKL PAALLEIGREDLFDMTKGLSNSAKDSCEETNRYSNPPKQPPPTPQLILTRRRLIELAGFG CVGLVGAVIANQVWKLNRSFKFDVVTVDSQGRETNHKRSQAEFFVEGLSNGVTLEMVAIP SGKFMMGSPTSEKEREGKESPLHEVTVQPFFMGKYPVTQAQWKAVAALPKVNRDLKAEPF RFKGDNLPVEQVFWYDAVEFCARLSKKTERIYRLPSEAEWEYACRAGTTTPFHFGETITS KLANYGGMKTYNSGPKGEYRGQTTPVGNFQVANAFGLYDMHGNVWEWCADSWHNNYQGAP TDGSAWNNDNDDRLLRGGSWFSHPARCRSAFRILYDPGVFHDGTFGFRVVCEEA
BDLD_14,BDLD_14_A0A836SI17_9GAMM,pHRdSV_BDLD_14_TIR_IRAK1_t6bd_GFP,LOW,"aquatic, isolated from sinkhole 

https://img.jgi.doe.gov/cgi-bin/m/main.cgi?section=TaxonDetail&page=taxonDetail&taxon_oid=2616645013",,TRUE,,,EYP59_13525,A0A836SI17_9GAMM,Gammaproteobacteria,Thiotrichaceae bacterium,2030882,3827164,434145262,533975678,gBlocks™ Gene Fragments,172276.17,250ng in 25µl of RNase-Free Water,250 Nanograms,5.8,279,TTGGAGGCCTAGGCTACGCGTGCCACCATGAAAATCAAAATCAAGCTATGCAAGAGGCTGGGTAACGACTGGCAGGACCTAGCCGATTACTTCGAAATCCCTTGCCAGCAGTTTGAGCAAGGAAGGGAATGTCAGGAGATCTGGGAGTGGCTGAAAAAGAGGGACAAGCTCCAGGAATTGAGCGAAGCTCTGAAAGATCTGAAGCGCAATGATCTCCTGTCCTGTTTTGAGGAGACGGGAGGTAGTGGCGGGTCCGAGAAGCCTTTACAGGTGGCCAGA,>tr|A0A836SI17|A0A836SI17_9GAMM AAA family ATPase (Fragment) OS=Thiotrichaceae bacterium OX=2030882 GN=EYP59_13525 PE=4 SV=1 MTSYSGKIKIKLCKRLGNDWQDLADYFEIPCQQFEQGRECQEIWEWLKKRDKLQELSEAL KDLKRNDLLSCFEETERDDKSLNDNSSLENEKGNNHPGKTAQPTPNHKNLPETVIGQRQR DLLTWLRDKWMHDGPNVCFVEGFSGVGKTQVARVLLQSMGIIGTTAVRVDMPDMETNSID DLLLDLASDLDLNNHHQLVDAIDKGQDLLKALEQFLFLNPVLIIIDEFQRALMQGRATPI KKIAGFLEKLGRRPLQKGRLLLLSNRSMERGQWLENHEVRTLSGLIPTEAEKLLDDLLKK KERANEVPLVRRQEVVNALACNPRALHVFVECLRREPLDDLLGAIPDLWSVDDREISANL LHDLEKALLERTLTHINDEVRLFLENIVVYRKSIKQKAFKKMADNTAKVAQCRNELIDRF LLELHKDWYSLNPVVREIVLHNLNEQALRRAHSLAADYYTRHFLSEQIVKTGGELGGHFV EARFHLVRAEREGVLQTISTRFEQHLRATIISTSRPPQNEIELNERIALLSGLLEHGGMK GWEYHLARCYQARHYPDDLEKALQHIRKATGSYAPVDTWLLRVILENEMHGIDKALIVTK EGIRQISADMGVVALYEKGGELLANANRIDKAIDLLREGIQKISADKSVVVLYLSCGELL ARDNRINDAINLLREGIEK
BDLD_7,BDLD_7_W4LNN3_9BACT,pHRdSV_BDLD_7_TIR_IRAK1_t6bd_GFP,LOW,"marine, sponge
https://doi.org/10.1038/s41396-020-0591-9",,TRUE,,,ETSY1_16630,W4LNN3_9BACT,Nitrospinae/Tectomicrobia group,Candidatus Entotheonella factor,1429438,3827164,434145263,533975639,gBlocks™ Gene Fragments,176004.29,250ng in 25µl of RNase-Free Water,250 Nanograms,5.68,285,TTGGAGGCCTAGGCTACGCGTGCCACCATGCCCCAACGCGTCATGTTCTCACGGCGCCTGGGCCACGATTGGCGAGACTTGGCGACGTACCTCGAGATACCAGATTACGAACAGGGATTTGCTGAGGGAGCGGAGGGACAAGACATCCTGACATGGCTGGAGCAACGCGGACGGCTCCACGAGGTCCTCGCCGCTTTGAATGATATTGGCAGGAGTGAGCTGGCTGAGATTCTGCAGGTTCAGGGAGGTAGTGGCGGGTCCGAGAAGCCTTTACAGGTGGCCAGA,>tr|W4LNN3|W4LNN3_9BACT FGE-sulfatase domain-containing protein OS=Candidatus Entotheonella factor OX=1429438 GN=ETSY1_16630 PE=4 SV=1 MQRISGPQRVMFSRRLGHDWRDLATYLEIPDYEQGFAEGAEGQDILTWLEQRGRLHEVLA ALNDIGRSELAEILQVQSPPSPGPDAVTPSWPGRPYPGLCAFSSEEAPIFCGRDRHADAL VERLKDPQHRFVAVVGASGSGKSSVVAAGVLPRLQQGAIPGCANWIVLEFTPGGPANDPF HALSIHLEPWLRHQRLRARDIDQKLRVSGGLSELVQQALGHREHAELVLFIDQFEELFTL CDESCRQPFINMLFQAASISRLRIIITLRSDFSAQCIQDDKLASLLNAGFYALPPPGIAE LYAMITRPAALAGLRFEPDDLPWRILDDTGTEPGALALMAFALAELYEALTPEGVLTLDA YERFGGVSGVLGKRADETYDALPAASQDALGTVFKELVEVDAERGVPTRKRSALQHFGPN RAALDLIKVLTEARLLVCSSPEHGEPMVEVAHEALLLHWGLLSDWIEERFDDFRLLRQVK LAAAEWERYQRSSYYLWRHELLVPVAKMLNRLQPVLSPVERAFVRLESERLLEQIDDRNT SHQERVKIGDRLADIGDPRPGVELNEDQLPDLVWCEVPGGEVALEDNAGTFDVAPGYISK YPVTWAQYRCFLQAGDGYANAGWWEGLAEREEEPGEQYRELDNHPAEMVSWYDAVAYCRW LSAKLGYEIRLPTEWEWQQAATVGDPSRKYPWGTNWEAERANTYESRLGRTTAVGMYPRG ASLVGALDMSGNILEWCLNLHADPSDTDLSSSSGRVVRGGSWDDDPLFARVFPLPLLPSV PLR
BDLD_69,BDLD_69_WP_130460897.1,pHRdSV_BDLD_69_TIR_IRAK1_t6bd_GFP,LOW,"Marine Sediments (Pacific Ocean: Off the coast of San Diego, USA)

https://img.jgi.doe.gov/cgi-bin/m/main.cgi?section=TaxonDetail&page=taxonDetail&taxon_oid=2802428836",,TRUE,,,EV371_RS04300,WP_130460897.1,Actinobacteria,Plantactinospora sp. CNZ321,2512141,3827164,434145264,533975663,gBlocks™ Gene Fragments,177859.46,250ng in 25µl of RNase-Free Water,250 Nanograms,5.62,288,TTGGAGGCCTAGGCTACGCGTGCCACCATGTTAACACGGGTACATTTCGGTCGAAGGCTCGGTGACTCCTGGCCAGAACTAGCCGATCTGCTCGGGATGAGACCAGATGAGGTTGACCGACTGCCTCAAGGGCGCGAAGCTTCACACATATGGTCTTGGCTGGAGGTTCGCAGGCGCCTCCCCGAACTCAGGGACGCTCTATTCGCCCTCGACCGGCCCGACCTGGTAAATCTGCTCGATGAGGACGGAGGTAGTGGCGGGTCCGAGAAGCCTTTACAGGTGGCCAGA,>WP_130460897.1 hypothetical protein [Plantactinospora sp. CNZ321] MASVRLRPHRGPQHGAILKLVPPHLATAESRAVDLAAQCTPADFYTRHLVPTKWVGPLPGSSWWLHLQEV AQADVSTMLPLESLVDHADLAAYCGTIVTALVDGWPGDARSESKSVPPGEFLRADLADKLAGLRDFARLA GLDPRSPAELVRVPGRADPLPNPFALVFGDGGPADEIEVFRGNGHGDLHPGNILVPVDREIRAADFRLID LGRFSPTTPVSRDPVKLLLAIADRWLPGLAPYSALRSSLAELVVDPDRYPRTPPIAGYLEVAEAIYVAAA GWAIPYGLVKEWARQHRLVLAASALRTVSRGDAGLPERWWYFELAALAVRALGSDGGSVPVDHTTPPSTP RPALRVDAVPPGSVAPPRLSDRDPTPPPATDGRERPAAPAAETHERPAPPAAEGRDRPGGPAGVGGPGPA RTGVRPGGSGRDSYSGLTRVHFGRRLGDSWPELADLLGMRPDEVDRLPQGREASHIWSWLEVRRRLPELR DALFALDRPDLVNLLDEDA
BDLD_11,BDLD_11_A0A218QDN5_9CYAN,pHRdSV_BDLD_11_TIR_IRAK1_t6bd_GFP,LOW,"Terrestrial (The lichen on bark)

https://mcc.nies.go.jp/strainList.do?strainId=4073&strainNumberEn=NIES-4075

https://img.jgi.doe.gov/cgi-bin/m/main.cgi?section=TaxonDetail&page=taxonDetail&taxon_oid=2775506872",mesophile (maybe psychrotroph),TRUE,,,NIES4075_09730,A0A218QDN5_9CYAN,Cyanobacteria,Tolypothrix sp. NIES-4075,2005459,3827164,434145265,533975641,gBlocks™ Gene Fragments,177837.75,250ng in 25µl of RNase-Free Water,250 Nanograms,5.62,288,TTGGAGGCCTAGGCTACGCGTGCCACCATGAAAGTGAAGATCAAGGTGTGTCAAAATCTTATCCAAGATTGGCACAATTTAGCTGACTATTTCGACATCCCCCTGGAGCAGCGAGCAAGCTTTGAGGCAGGACGTCAGCCGTACAGGATCTGGGAATGGCTCGAACAGAGGAGCCGGTTAGGAGAGCTCGAAGTAGCGCTTTCTGATATTGGCCGAGACGATTTGGTGGAAGAACTGAAGAAGAACGGAGGTAGTGGCGGGTCCGAGAAGCCTTTACAGGTGGCCAGA,>tr|A0A218QDN5|A0A218QDN5_9CYAN CHAT domain-containing protein OS=Tolypothrix sp. NIES-4075 OX=2005459 GN=NIES4075_09730 PE=4 SV=1 MSNNPTVKKILILAANPKNTVRLRLDQEVRDIEQGLQLAAQRDKFTLQQKWAVRSRDIRL AVLDFRPNIIHFSGHGSETEGLSFEDEVGKEKFVTADALGGLFKLFANHVECVLLNACYS EVQADAIAQDIDYVIGMNAAIGDRAALEFSVGFYDALARYDPEYDGDSAIEFAFNVARSS ISLAGVAGECIPVLIKNPNPKPKDTSILNPVNPAIKRYSGKVKIKVCQNLIQDWHNLADY FDIPLEQRASFEAGRQPYRIWEWLEQRSRLGELEVALSDIGRDDLVEELKKN
BDLD_82,BDLD_82_WP_158660795.1,pHRdSV_BDLD_82_TIR_IRAK1_t6bd_GFP,LOW,"marine, freshwater (fish)

10.3354/dao03517",,TRUE,,,NS506_RS18405,WP_158660795.1,Actinobacteria,Nocardia seriolae,37332,3827164,434145266,533975708,gBlocks™ Gene Fragments,159318.56,250ng in 25µl of RNase-Free Water,250 Nanograms,6.28,258,TTGGAGGCCTAGGCTACGCGTGCCACCATGATGGGGGATTCCTGGAGGGAGCTGGTAATTGTGCTTGGCGTGGCTTCCCACGAGACAGCCCGGTTCCCCCCGGGCGACGAAGCTGATCGGATTCTGAAATGGTTGGAGGAACGTTGCAGACTTGGGGAACTGCCCGACGCACTTAGGAGAATCGACCGTCCTGATTTGGCCGCTGTGTTTGACGGTGGAGGTAGTGGCGGGTCCGAGAAGCCTTTACAGGTGGCCAGA,>WP_158660795.1 NPCBM/NEW2 domain-containing protein [Nocardia seriolae] MGDSWRELVIVLGVASHETARFPPGDEADRILKWLEERCRLGELPDALRRIDRPDLAAVFDGVDFLGERS DGYTDGHARLLTATLEPIRPGPDLFFRSATLNGTHYGDSVVHKCAYFCRDIRSSVSYDLGGRYRSFESVV GVLDEAEEDDQTGYFQVFLGKSAAPTVAAKHGAPERIRLDVTGVLRLRLVAYRSDAIGNPILVGAGQVVG KSARLAALAWGDPTLFE
BDLD_67,BDLD_67_A0A365UWK4_MICCH,pHRdSV_BDLD_67_TIR_IRAK1_t6bd_GFP,LOW,"terrestrial (soil)

https://doi.org/10.1016/j.soilbio.2009.11.023",mesophile (maybe psychrotroph),TRUE,,,DRA43_RS16270,A0A365UWK4_MICCH,Actinobacteria,Micromonospora chalcea,1874,3827164,434145267,533975673,gBlocks™ Gene Fragments,179716.61,250ng in 25µl of RNase-Free Water,250 Nanograms,5.56,291,TTGGAGGCCTAGGCTACGCGTGCCACCATGCCCGCTAAGGTAGATTTCTGTAGGAGGATGCAGCAGGAGAACTGGCGGGAACTCGCGGACCTCTACGGGATCTCAGCAGCTGAACGTGCCAGTTTTCCACACGGGGAGCAGGTCGCCGCCCTGTGGGACCTCGTTGAGAGTAGGAGGCGGCTGGATGAGCTGCCTGACCACCTGGATGAGCTGGGCCATACCCATTTGGCAGAGGCTCTGCGCGATAGTGGAGGTAGTGGCGGGTCCGAGAAGCCTTTACAGGTGGCCAGA,>tr|A0A365UWK4|A0A365UWK4_MICCH Response regulatory domain-containing protein OS=Micromonospora chalcea OX=1874 GN=DRA43_16250 PE=4 SV=1 MLDQRPVPRRHGSNPFSGPAKVDFCRRMQQENWRELADLYGISAAERASFPHGEQVAALW DLVESRRRLDELPDHLDELGHTHLAEALRDSVVDAPVPAVTRVAGAGLGIRPTSAAGARR RLLIVEDNDVLGRTLLNRLRPQFDCTLVRNFDEWEQLTVDGPPDFDGALVDRHLAETMND GLGLHILEYLKQYTDTRSVLMTADTPPGFESDTIARYGVVGVYRKGEGQAGINVRSMIER LFGPGD
